city,area,rooms,bathroom,parking_spaces,floor,animal,furniture,hoa,rent_amount,property_tax,fire_insurance,total
Porto Alegre,80,1,1,1,6,1,0,1000,2800,0,41,3841
Porto Alegre,51,2,1,0,2,1,0,270,1112,22,17,1421
Porto Alegre,38,1,1,2,11,0,0,450,1750,0,26,2226
Porto Alegre,40,1,1,1,6,1,1,390,2990,0,44,3424
Porto Alegre,42,1,1,2,2,1,1,190,1770,17,26,2003
Porto Alegre,75,3,2,1,9,1,0,340,1800,109,27,2276
Porto Alegre,47,1,1,1,1,0,1,400,2200,0,33,2633
Porto Alegre,100,4,3,1,8,1,0,600,2200,159,33,2992
Porto Alegre,350,4,4,4,0,1,1,1,9000,359,160,9520
Porto Alegre,70,3,2,1,4,1,0,490,2500,8,37,3035
Porto Alegre,50,1,1,1,1,1,0,350,950,50,14,1364
Porto Alegre,67,3,2,2,4,1,0,600,2200,50,33,2883
Porto Alegre,70,2,1,1,3,1,1,360,2400,30,36,2826
Porto Alegre,62,2,2,1,9,1,0,350,1800,75,27,2252
Porto Alegre,44,1,1,1,2,1,1,250,1500,17,22,1789
Porto Alegre,90,2,1,1,2,0,0,550,1700,110,25,2385
Porto Alegre,140,3,4,2,0,0,0,0,3090,0,55,3145
Porto Alegre,36,1,1,1,0,1,0,0,762,15,14,791
Porto Alegre,39,1,1,0,7,1,0,350,850,27,13,1240
Porto Alegre,60,2,1,0,1,1,0,222,1100,46,17,1385
Porto Alegre,46,1,1,0,4,1,0,0,1040,48,16,1104
Porto Alegre,76,1,1,0,0,1,0,209,1249,52,19,1529
Porto Alegre,64,2,2,2,7,0,0,450,1500,50,22,2022
Porto Alegre,47,1,1,1,1,0,1,400,2200,0,33,2633
Porto Alegre,50,2,1,0,13,1,0,340,1130,30,17,1517
Porto Alegre,90,3,1,0,1,1,0,145,1130,55,17,1347
Porto Alegre,94,2,2,2,8,1,0,600,2900,230,43,3773
Porto Alegre,131,3,3,1,10,1,1,1625,1750,121,26,3522
Porto Alegre,300,6,2,2,0,1,0,0,6000,242,107,6349
Porto Alegre,64,2,2,2,7,1,0,450,1600,34,24,2108
Porto Alegre,96,3,2,0,2,1,0,408,2100,84,31,2623
Porto Alegre,92,2,2,1,2,1,0,450,1700,67,25,2242
Porto Alegre,28,2,1,1,0,1,0,0,600,0,11,611
Porto Alegre,44,1,1,0,5,1,0,355,1200,20,18,1593
Porto Alegre,37,1,1,1,2,1,0,500,2500,0,37,3037
Porto Alegre,35,1,1,0,1,1,0,100,815,17,12,944
Porto Alegre,48,1,1,0,4,1,0,200,700,38,11,949
Porto Alegre,25,1,1,0,0,1,1,286,984,11,15,1296
Porto Alegre,49,2,1,1,7,1,0,360,1150,30,17,1557
Porto Alegre,40,1,1,0,4,0,1,0,2000,0,30,2030
Porto Alegre,120,3,3,2,5,1,0,800,3000,167,44,4011
Porto Alegre,60,2,2,1,11,1,0,469,1500,51,22,2042
Porto Alegre,43,1,1,0,4,0,1,290,2100,66,31,2487
Porto Alegre,90,2,1,1,2,1,0,405,1100,380,17,1902
Porto Alegre,84,3,2,2,4,1,0,750,3300,100,49,4199
Porto Alegre,47,1,1,0,2,0,0,300,1000,59,15,1374
Porto Alegre,60,2,1,1,3,1,0,250,800,22,12,1084
Porto Alegre,55,1,1,0,14,1,0,700,1020,29,15,1764
Porto Alegre,52,1,1,0,0,1,0,150,1200,42,18,1410
Porto Alegre,70,2,2,1,6,1,0,440,1900,57,28,2425
Porto Alegre,38,1,1,0,2,1,0,340,650,350,10,1350
Porto Alegre,88,1,2,2,3,1,0,340,1600,40,24,2004
Porto Alegre,61,2,2,2,11,1,0,445,2500,42,37,3024
Porto Alegre,62,2,1,0,4,1,0,352,736,28,11,1127
Porto Alegre,360,3,4,3,5,1,1,4000,13200,500,193,17890
Porto Alegre,440,3,3,3,7,0,0,100,10500,84,154,10840
Porto Alegre,125,4,2,0,7,1,0,1006,1632,150,14,2802
Porto Alegre,350,3,2,4,0,1,1,0,6522,492,116,7130
Porto Alegre,350,4,4,4,0,1,0,0,6000,192,107,6299
Porto Alegre,110,3,3,2,5,1,1,1300,4000,300,59,5659
Porto Alegre,106,3,3,1,7,1,0,900,2250,186,33,3369
Porto Alegre,101,2,2,2,5,1,0,480,1800,500,27,2807
Porto Alegre,70,2,1,0,1,1,0,375,750,26,11,1162
Porto Alegre,152,3,5,3,9,1,0,1600,6000,321,88,8009
Porto Alegre,42,1,1,0,1,1,1,360,890,0,13,1263
Porto Alegre,550,5,5,3,0,1,0,0,9000,500,160,9660
Porto Alegre,44,1,2,0,3,1,0,140,1350,100,20,1610
Porto Alegre,105,3,2,2,3,1,1,370,2890,217,43,3520
Porto Alegre,320,4,3,2,0,1,0,0,4500,125,80,4705
Porto Alegre,64,2,1,0,1,1,0,300,1750,42,26,2118
Porto Alegre,60,2,1,0,1,1,0,326,990,25,15,1356
Porto Alegre,40,1,1,1,9,0,1,1300,1200,68,18,2586
Porto Alegre,85,3,2,2,9,0,1,940,3300,102,49,4391
Porto Alegre,30,1,1,0,4,1,0,198,755,22,12,987
Porto Alegre,100,2,2,1,0,0,0,0,1346,0,24,1370
Porto Alegre,240,4,3,5,0,1,0,0,2500,120,45,2665
Porto Alegre,120,3,2,2,2,1,1,700,2975,155,44,3874
Porto Alegre,60,2,1,1,0,1,0,0,1400,96,25,1521
Porto Alegre,105,3,3,1,3,1,1,1300,2300,130,34,3764
Porto Alegre,383,5,5,4,0,1,0,0,10000,250,178,10430
Porto Alegre,57,2,2,1,6,0,0,425,1800,75,27,2327
Porto Alegre,77,2,1,0,1,0,0,0,1130,25,17,1172
Porto Alegre,75,2,2,1,3,1,0,200,1500,142,22,1864
Porto Alegre,55,2,1,1,0,1,1,0,1300,34,24,1358
Porto Alegre,42,1,1,1,11,1,0,500,2200,50,33,2783
Porto Alegre,62,2,1,1,7,0,0,485,1620,54,24,2183
Porto Alegre,80,2,1,1,1,1,0,200,1650,70,25,1945
Porto Alegre,110,2,2,1,3,1,1,600,1800,152,27,2579
Porto Alegre,40,1,1,1,7,1,1,400,1400,36,21,1857
Porto Alegre,367,3,4,4,8,0,0,7000,15000,1032,220,23250
Porto Alegre,67,2,1,0,3,1,0,330,1523,50,23,1926
Porto Alegre,78,3,2,1,4,1,0,450,2800,75,41,3366
Porto Alegre,148,2,1,2,3,1,0,385,1650,880,25,2940
Porto Alegre,136,4,3,2,3,0,0,750,4000,327,59,5136
Porto Alegre,72,2,1,0,1,1,0,80,1300,40,19,1439
Porto Alegre,230,4,1,1,3,1,0,1287,3500,370,52,5209
Porto Alegre,68,2,2,1,3,1,0,400,1800,82,27,2309
Porto Alegre,600,5,4,5,0,1,1,0,12000,1167,214,13380
Porto Alegre,290,4,4,3,0,1,0,0,2500,262,45,2807
Porto Alegre,120,3,1,0,4,1,0,1090,1500,125,22,2737
Porto Alegre,150,4,2,2,0,1,0,600,1100,0,20,1720
Porto Alegre,90,3,2,0,3,0,0,405,1105,31,17,1558
Porto Alegre,68,3,2,1,10,1,0,600,1600,76,24,2300
Porto Alegre,280,5,4,8,0,1,0,0,10000,417,178,10600
Porto Alegre,340,5,4,4,0,1,0,0,4800,300,86,5186
Porto Alegre,49,2,1,1,0,1,0,150,1220,6,22,1398
Porto Alegre,290,5,5,3,4,0,0,3500,5600,49,82,9231
Porto Alegre,78,2,1,0,2,1,0,80,1330,91,20,1521
Porto Alegre,62,2,2,1,7,0,1,800,3900,100,57,4857
Porto Alegre,18,1,1,0,16,1,0,480,700,15,11,1206
Porto Alegre,50,2,1,1,4,1,0,600,1190,42,18,1850
Porto Alegre,263,3,3,0,2,1,1,30,3500,150,52,3732
Porto Alegre,134,3,2,2,4,1,0,985,2900,242,43,4170
Porto Alegre,116,3,2,1,9,1,0,700,2600,167,38,3505
Porto Alegre,60,1,1,0,2,0,0,300,920,0,14,1234
Porto Alegre,75,2,2,2,4,1,1,400,2750,92,41,3283
Porto Alegre,60,3,2,1,3,1,0,700,1800,80,27,2607
Porto Alegre,37,1,1,0,2,1,0,220,628,13,10,871
Porto Alegre,72,2,2,2,6,1,0,400,2400,88,36,2924
Porto Alegre,70,3,1,1,13,1,0,500,1300,36,19,1855
Porto Alegre,72,2,1,0,3,1,1,620,1600,54,24,2298
Porto Alegre,360,4,4,4,0,0,0,0,2820,321,51,3192
Porto Alegre,39,1,1,1,5,0,1,350,2600,67,38,3055
Porto Alegre,60,2,1,1,0,1,0,0,540,0,10,550
Porto Alegre,80,2,1,1,3,0,0,500,1500,250,22,2272
Porto Alegre,38,1,1,0,6,0,0,670,806,92,12,1580
Porto Alegre,81,3,2,1,6,1,0,490,1630,90,24,2234
Porto Alegre,450,5,4,4,0,1,1,0,9000,250,160,9410
Porto Alegre,43,1,1,1,4,1,0,240,1870,0,28,2138
Porto Alegre,70,2,1,0,1,1,1,350,1450,120,22,1942
Porto Alegre,49,1,1,0,1,0,0,600,600,15,9,1224
Porto Alegre,88,2,2,2,1,1,0,240,1600,84,24,1948
Porto Alegre,350,3,4,4,0,0,0,0,3500,167,63,3730
Porto Alegre,80,2,2,1,4,1,0,693,1600,92,24,2409
Porto Alegre,300,3,3,5,0,1,0,0,3825,89,68,3982
Porto Alegre,89,3,1,0,3,1,0,631,1100,85,17,1833
Porto Alegre,180,6,2,2,2,1,0,0,4100,234,60,4394
Porto Alegre,71,2,2,1,3,1,0,861,1300,79,19,2259
Porto Alegre,76,2,2,1,4,1,0,700,2200,0,33,2933
Porto Alegre,42,1,1,0,3,1,1,150,1050,0,16,1216
Porto Alegre,199,3,4,3,7,1,1,900,8750,334,128,10110
Porto Alegre,71,2,2,1,4,1,0,1080,2700,100,40,3920
Porto Alegre,169,2,1,1,0,1,0,0,2800,55,50,2905
Porto Alegre,47,1,1,1,1,0,1,400,2200,0,33,2633
Porto Alegre,117,2,1,1,4,1,0,380,2100,73,31,2584
Porto Alegre,80,3,1,1,1,1,0,350,1300,46,19,1715
Porto Alegre,90,2,2,0,3,1,0,320,1125,34,17,1496
Porto Alegre,91,2,1,0,2,1,0,316,1350,69,20,1755
Porto Alegre,59,1,1,1,12,1,0,300,2200,67,33,2600
Porto Alegre,69,2,2,2,10,1,0,670,2500,158,37,3365
Porto Alegre,52,2,1,0,2,1,0,380,1500,55,22,1957
Porto Alegre,70,2,2,2,9,1,0,535,1600,59,24,2218
Porto Alegre,42,1,1,0,10,1,0,32000,700,40,11,32750
Porto Alegre,69,2,1,0,2,1,0,240,1200,410,18,1868
Porto Alegre,53,1,1,0,2,1,0,277,500,20,8,805
Porto Alegre,62,2,1,1,6,0,0,485,1296,54,19,1854
Porto Alegre,100,2,2,0,0,1,0,0,2200,0,40,2240
Porto Alegre,75,3,2,1,3,0,1,450,1950,98,29,2527
Porto Alegre,41,1,1,1,2,1,0,540,1150,35,17,1742
Porto Alegre,71,2,1,0,2,1,0,0,1500,0,22,1522
Porto Alegre,225,3,3,2,3,1,0,1100,3800,192,56,5148
Porto Alegre,981,3,2,4,0,1,1,0,7000,4500,125,11630
Porto Alegre,80,2,2,1,2,1,0,500,1800,100,27,2427
Porto Alegre,41,1,2,1,9,1,0,400,2800,67,41,3308
Porto Alegre,32,1,1,0,0,1,1,230,750,23,11,1014
Porto Alegre,47,1,1,0,3,1,0,250,900,38,14,1202
Porto Alegre,35,1,1,0,3,1,1,200,880,15,13,1108
Porto Alegre,140,3,2,2,3,1,0,686,3000,250,44,3980
Porto Alegre,38,1,1,0,4,1,1,190,1800,20,27,2037
Porto Alegre,180,2,2,1,4,1,0,170,2001,25,30,2226
Porto Alegre,65,2,2,0,5,0,0,485,1390,87,21,1983
Porto Alegre,240,4,4,2,0,1,0,0,5000,630,89,5719
Porto Alegre,42,1,1,0,6,0,0,320,850,21,13,1204
Porto Alegre,102,3,2,5,0,1,0,0,2975,103,53,3131
Porto Alegre,50,2,1,1,0,1,0,0,1000,25,18,1043
Porto Alegre,240,3,2,4,0,1,0,0,5500,500,98,6098
Porto Alegre,35,2,1,0,1,0,1,0,1350,0,20,1370
Porto Alegre,60,2,1,0,2,1,0,300,950,0,14,1264
Porto Alegre,30,1,1,0,5,1,0,400,940,35,14,1389
Porto Alegre,220,3,3,4,0,1,0,0,2500,2360,45,4905
Porto Alegre,260,2,2,1,3,1,0,170,2000,25,30,2225
Porto Alegre,48,2,1,0,4,1,0,468,800,28,12,1308
Porto Alegre,75,2,2,1,6,1,0,383,1400,117,21,1921
Porto Alegre,93,2,2,3,6,1,1,873,3900,224,57,5054
Porto Alegre,63,2,2,0,7,0,1,400,2600,109,38,3147
Porto Alegre,109,3,2,1,2,1,1,681,2423,193,36,3333
Porto Alegre,80,2,2,0,8,1,0,430,1320,121,20,1891
Porto Alegre,117,3,2,2,10,1,0,1564,5500,167,81,7312
Porto Alegre,112,3,2,2,3,1,1,800,4100,100,60,5060
Porto Alegre,68,2,1,0,3,1,0,270,700,19,11,1000
Porto Alegre,102,3,2,2,8,1,1,1125,5525,225,81,6956
Porto Alegre,450,6,2,8,0,1,0,0,4000,197,72,4269
Porto Alegre,28,1,1,0,4,1,0,350,550,21,9,930
Porto Alegre,62,3,2,1,1,0,0,485,1629,54,24,2192
Porto Alegre,50,1,1,1,7,1,0,250,800,0,12,1062
Porto Alegre,50,1,1,0,6,1,0,400,800,20,12,1232
Porto Alegre,62,2,2,1,10,1,0,480,1600,9,24,2113
Porto Alegre,66,2,2,0,3,1,0,550,1200,50,18,1818
Porto Alegre,38,1,1,1,5,1,0,342,980,51,15,1388
Porto Alegre,540,6,8,3,0,1,0,0,15000,467,267,15730
Porto Alegre,65,3,2,0,5,0,0,450,1690,86,25,2251
Porto Alegre,40,1,1,0,4,1,0,450,900,38,14,1402
Porto Alegre,81,2,1,0,2,1,0,350,1150,5,17,1522
Porto Alegre,62,2,2,0,2,1,0,400,1556,100,23,2079
Porto Alegre,50,2,1,1,3,1,0,180,946,0,14,1140
Porto Alegre,45,1,1,1,1,0,0,30,760,0,12,802
Porto Alegre,90,2,2,1,18,0,0,500,2500,84,37,3121
Porto Alegre,24,1,1,1,0,0,0,0,550,0,9,559
Porto Alegre,38,1,1,1,9,1,0,350,2900,42,43,3335
Porto Alegre,28,1,1,0,1,1,1,0,1340,4,20,1364
Porto Alegre,82,2,2,1,5,1,0,450,1700,67,25,2242
Porto Alegre,47,1,1,1,1,0,1,400,2200,0,33,2633
Porto Alegre,68,2,2,1,1,1,0,400,1800,82,27,2309
Porto Alegre,50,2,1,1,2,1,0,100,1460,0,22,1582
Porto Alegre,40,2,1,1,3,1,0,300,820,32,12,1164
Porto Alegre,75,3,1,1,1,1,0,360,1100,47,17,1524
Porto Alegre,60,1,2,2,15,1,0,500,2800,17,41,3358
Porto Alegre,49,1,1,0,7,1,0,310,680,21,10,1021
Porto Alegre,61,1,1,0,0,1,0,80,1100,160,17,1357
Porto Alegre,70,2,1,0,0,1,1,270,1800,23,27,2120
Porto Alegre,37,1,1,0,3,1,0,270,650,23,10,953
Porto Alegre,225,1,2,0,0,1,0,0,3500,218,63,3781
Porto Alegre,135,3,3,4,5,1,0,200,4000,0,59,4259
Porto Alegre,47,1,1,1,1,0,1,400,2200,0,33,2633
Porto Alegre,25,1,1,0,0,0,0,0,550,0,9,559
Porto Alegre,100,3,2,2,2,1,0,650,2499,92,37,3278
Porto Alegre,109,1,2,2,3,1,1,496,4300,87,63,4946
Porto Alegre,92,2,2,1,2,1,1,645,2100,2610,31,5386
Porto Alegre,450,5,3,6,0,1,0,0,4760,94,85,4939
Porto Alegre,140,3,3,0,2,1,0,750,1700,125,25,2600
Porto Alegre,200,3,3,4,2,1,0,2900,1200,260,18,4378
Porto Alegre,108,3,2,1,3,1,1,826,2000,89,30,2945
Porto Alegre,45,1,1,1,3,1,0,250,1205,72,18,1545
Porto Alegre,110,3,3,0,1,1,0,400,3250,75,48,3773
Porto Alegre,64,2,2,2,6,1,0,450,2250,50,33,2783
Porto Alegre,128,4,3,2,3,1,0,1160,4900,409,88,6557
Porto Alegre,80,2,2,1,5,1,1,740,1900,120,28,2788
Porto Alegre,60,2,1,0,1,1,0,114,980,42,15,1151
Porto Alegre,65,1,1,1,3,1,0,426,980,38,15,1459
Porto Alegre,98,3,2,2,4,0,0,700,2550,100,38,3388
Porto Alegre,48,2,1,1,2,1,0,300,800,35,12,1147
Porto Alegre,40,1,1,0,3,1,1,370,1084,46,16,1516
Porto Alegre,59,2,1,0,3,1,0,326,1000,42,15,1383
Porto Alegre,48,1,1,0,4,1,0,340,700,300,11,1351
Porto Alegre,60,1,1,0,1,1,0,230,1286,70,19,1605
Porto Alegre,50,2,1,0,0,1,0,100,700,100,11,911
Porto Alegre,61,1,1,1,13,1,1,1237,3800,104,56,5197
Porto Alegre,360,5,3,3,0,1,0,0,3500,0,63,3563
Porto Alegre,440,3,2,3,6,0,0,100,10500,84,154,10840
Porto Alegre,59,2,1,1,2,1,0,382,900,62,14,1358
Porto Alegre,60,2,1,1,1,1,1,400,1300,25,19,1744
Porto Alegre,50,1,1,0,1,1,0,200,1045,30,16,1291
Porto Alegre,53,1,1,0,2,1,1,240,1480,42,22,1784
Porto Alegre,45,1,1,0,6,1,0,350,650,28,10,1038
Porto Alegre,145,3,4,0,2,1,1,250,2950,75,44,3319
Porto Alegre,68,2,1,1,6,0,1,480,1900,78,28,2486
Porto Alegre,85,2,2,0,7,1,1,660,2520,113,37,3330
Porto Alegre,55,1,1,1,3,1,1,550,1910,110,28,2598
Porto Alegre,75,2,1,2,2,1,0,380,1200,55,18,1653
Porto Alegre,563,3,6,4,12,1,0,5200,15000,1250,220,21670
Porto Alegre,54,2,1,0,13,1,1,460,1200,41,18,1719
Porto Alegre,318,4,3,0,0,1,0,0,19000,384,338,19720
Porto Alegre,41,1,2,1,6,1,0,400,2400,67,36,2903
Porto Alegre,270,4,4,2,0,1,0,0,7000,200,125,7325
Porto Alegre,55,2,1,0,1,0,0,185,1500,27,22,1734
Porto Alegre,87,2,2,1,2,1,0,580,1970,117,29,2696
Porto Alegre,48,1,1,1,8,1,1,1580,1288,0,19,2887
Porto Alegre,105,3,3,0,3,1,0,840,2125,111,32,3108
Porto Alegre,55,2,1,1,2,1,0,300,850,30,13,1193
Porto Alegre,68,2,2,1,2,1,0,400,1800,82,27,2309
Porto Alegre,109,3,1,1,5,1,0,500,1400,42,21,1963
Porto Alegre,118,3,2,1,3,1,0,300,1800,50,27,2177
Porto Alegre,47,1,1,0,20,1,0,280,755,27,12,1074
Porto Alegre,400,3,4,5,0,1,1,0,8500,309,152,8961
Porto Alegre,65,2,1,0,1,1,0,355,1030,24,16,1425
Porto Alegre,95,3,2,2,2,1,0,350,2500,71,37,2958
Porto Alegre,58,2,1,1,4,1,0,350,1000,47,15,1412
Porto Alegre,280,3,5,2,3,1,1,729,5280,500,78,6587
Porto Alegre,98,2,2,0,2,1,0,310,1100,38,17,1465
Porto Alegre,170,2,3,2,0,1,0,0,6500,292,116,6908
Porto Alegre,42,1,1,0,5,0,1,290,2200,66,33,2589
Porto Alegre,84,3,1,0,3,1,1,70,1460,44,22,1596
Porto Alegre,65,2,1,1,3,0,1,400,1750,100,26,2276
Porto Alegre,87,2,1,0,2,1,0,300,1300,64,19,1683
Porto Alegre,91,3,2,2,3,1,0,400,3390,150,50,3990
Porto Alegre,102,2,2,1,11,1,1,1900,3000,259,44,5203
Porto Alegre,66,3,2,1,11,1,0,400,1500,40,22,1962
Porto Alegre,120,3,3,3,7,1,0,800,5000,0,74,5874
Porto Alegre,58,2,1,1,0,1,0,170,800,24,12,1006
Porto Alegre,60,1,1,0,2,0,1,100,1170,0,18,1288
Porto Alegre,42,1,1,1,2,1,0,280,900,19,14,1213
Porto Alegre,41,1,1,0,5,1,1,300,1090,84,16,1490
Porto Alegre,222,4,3,2,13,1,0,2300,4000,200,59,6559
Porto Alegre,122,3,3,2,2,1,0,600,2500,149,37,3286
Porto Alegre,55,2,1,1,2,1,0,300,1319,75,20,1714
Porto Alegre,30,2,2,1,1,1,0,250,1275,50,19,1594
Porto Alegre,100,3,2,1,6,1,0,1374,1800,211,27,3412
Porto Alegre,78,2,2,1,4,1,0,700,2300,105,34,3139
Porto Alegre,41,1,2,1,9,1,0,400,2800,67,41,3308
Porto Alegre,62,2,1,0,8,1,0,504,1100,32,17,1653
Porto Alegre,160,3,2,1,5,1,0,1200,2500,170,37,3907
Porto Alegre,98,2,2,1,2,1,0,465,1300,54,19,1838
Porto Alegre,85,3,3,0,0,0,0,550,2500,72,45,3167
Porto Alegre,121,3,2,1,10,1,0,800,1900,200,28,2928
Porto Alegre,119,3,1,0,3,1,0,560,2100,84,31,2775
Porto Alegre,110,3,2,0,3,0,1,370,2070,100,31,2571
Porto Alegre,132,3,2,2,9,1,1,1000,3350,167,49,4566
Porto Alegre,50,2,1,1,2,1,0,100,1540,0,23,1663
Porto Alegre,425,4,4,0,0,1,0,0,15000,750,267,16020
Porto Alegre,70,2,1,1,3,1,1,450,1800,63,27,2340
Porto Alegre,64,2,1,1,4,1,0,600,980,34,15,1629
Porto Alegre,85,2,3,1,4,1,0,350,3000,125,44,3519
Porto Alegre,359,3,4,2,3,1,0,2300,7000,292,103,9695
Porto Alegre,89,2,1,0,4,0,0,340,1190,0,18,1548
Porto Alegre,140,3,1,1,11,1,1,1000,4445,166,65,5676
Porto Alegre,148,3,2,2,3,1,1,2200,3990,167,59,6416
Porto Alegre,78,2,2,0,7,1,0,450,1500,167,22,2139
Porto Alegre,39,1,1,1,12,1,0,500,2200,50,33,2783
Porto Alegre,45,2,2,0,0,0,0,0,1300,0,24,1324
Porto Alegre,40,1,1,0,2,1,1,180,1250,6,19,1455
Porto Alegre,45,1,1,0,11,1,0,750,900,658,14,2322
Porto Alegre,75,2,2,2,6,1,0,556,2200,95,33,2884
Porto Alegre,281,4,3,4,0,1,1,0,4950,442,88,5480
Porto Alegre,70,2,2,1,2,1,0,400,2200,92,33,2725
Porto Alegre,58,1,1,1,2,1,0,273,1200,27,18,1518
Porto Alegre,39,1,1,1,1,0,1,185,900,27,14,1126
Porto Alegre,100,3,1,0,3,1,1,250,1870,59,28,2207
Porto Alegre,60,2,1,0,3,1,0,170,1090,25,16,1301
Porto Alegre,79,2,1,0,10,1,0,400,1880,67,28,2375
Porto Alegre,45,1,1,2,5,1,0,800,2300,9,34,3143
Porto Alegre,47,1,1,1,1,0,1,400,2200,0,33,2633
Porto Alegre,30,1,1,0,1,1,1,230,850,18,13,1111
Porto Alegre,80,3,1,1,8,1,0,400,1700,125,25,2250
Porto Alegre,75,2,2,0,5,1,0,400,2500,140,37,3077
Porto Alegre,40,1,1,0,5,1,0,400,950,100,14,1464
Porto Alegre,90,2,1,0,2,1,0,200,950,26,14,1190
Porto Alegre,47,1,1,0,0,0,0,200,1100,0,17,1317
Porto Alegre,143,3,2,3,9,1,1,1950,6000,698,88,8736
Porto Alegre,76,2,2,0,2,1,0,190,2100,49,38,2377
Porto Alegre,75,2,2,2,4,1,0,550,1600,122,24,2296
Porto Alegre,50,1,1,1,3,0,0,370,1200,50,18,1638
Porto Alegre,70,2,1,0,3,0,1,300,1800,0,27,2127
Porto Alegre,90,3,1,1,6,1,0,380,1750,90,26,2246
Porto Alegre,58,2,1,1,4,1,0,220,1320,67,20,1627
Porto Alegre,40,1,1,0,3,0,1,0,2000,0,30,2030
Porto Alegre,60,2,1,1,7,1,0,320,1900,50,28,2298
Porto Alegre,84,2,1,0,3,1,0,500,900,73,14,1487
Porto Alegre,130,2,1,2,0,1,0,0,2000,109,36,2145
Porto Alegre,80,2,1,0,1,1,0,0,950,65,14,1029
Porto Alegre,78,2,1,0,3,1,0,280,1380,32,21,1713
Porto Alegre,47,1,1,1,1,0,1,400,2200,0,33,2633
Porto Alegre,180,4,5,3,9,1,1,2500,10500,410,154,13560
Porto Alegre,44,1,1,1,9,1,0,280,1170,31,18,1499
Porto Alegre,45,1,1,1,1,1,0,240,740,7,11,998
Porto Alegre,55,2,1,0,3,1,0,350,650,42,10,1052
Porto Alegre,220,4,5,2,0,1,0,0,7000,225,125,7350
Porto Alegre,52,1,1,0,0,1,0,90,748,1,11,850
Porto Alegre,84,2,2,2,6,1,0,657,3200,189,47,4093
Porto Alegre,260,2,2,1,3,0,0,350,1640,0,24,2014
Porto Alegre,82,3,2,1,6,1,0,700,2500,59,37,3296
Porto Alegre,105,3,2,2,1,1,0,600,2390,134,35,3159
Porto Alegre,182,3,3,2,0,1,0,0,3200,112,57,3369
Porto Alegre,30,1,1,1,0,1,0,0,762,15,14,791
Porto Alegre,75,2,2,0,9,0,0,436,1350,50,20,1856
Porto Alegre,120,2,2,1,8,1,0,850,1700,134,25,2709
Porto Alegre,62,2,2,2,3,1,0,540,1600,9,24,2173
Porto Alegre,88,3,2,0,2,1,0,520,1658,31,25,2234
Porto Alegre,470,3,3,4,0,1,1,0,3700,346,66,4112
Porto Alegre,45,1,1,0,4,1,1,200,1700,55,25,1980
Porto Alegre,50,1,1,0,0,1,1,0,1100,13,20,1133
Porto Alegre,52,2,1,1,5,1,0,400,1100,42,17,1559
Porto Alegre,162,3,1,0,1,1,0,440,1300,67,19,1826
Porto Alegre,62,2,1,1,7,0,0,485,1377,54,21,1937
Porto Alegre,35,1,1,0,2,1,1,350,1500,50,22,1922
Porto Alegre,46,1,1,1,3,1,0,280,1099,55,17,1451
Porto Alegre,55,2,1,0,4,1,0,390,1500,42,22,1954
Porto Alegre,400,3,4,4,0,1,1,3000,12000,1100,214,16310
Porto Alegre,64,2,2,0,7,0,0,550,1350,52,20,1972
Porto Alegre,140,3,4,2,12,1,0,1990,3490,292,51,5823
Porto Alegre,80,2,1,1,1,1,0,0,833,4,13,850
Porto Alegre,187,3,3,2,0,1,1,0,2805,98,50,2953
Porto Alegre,83,2,2,1,5,1,0,450,1400,67,21,1938
Porto Alegre,38,1,1,0,3,1,0,300,1300,53,19,1672
Porto Alegre,60,2,2,1,6,1,0,606,1080,88,16,1790
Porto Alegre,60,2,1,0,3,1,0,290,770,45,12,1117
Porto Alegre,50,2,1,1,0,1,0,0,1000,25,18,1043
Porto Alegre,84,1,2,0,0,1,1,300,2200,0,33,2533
Porto Alegre,120,2,2,1,3,1,1,360,2525,75,37,2997
Porto Alegre,73,2,2,1,6,1,1,450,2450,94,36,3030
Porto Alegre,67,3,2,1,1,1,0,406,1399,56,21,1882
Porto Alegre,170,2,3,1,0,1,0,0,1300,50,24,1374
Porto Alegre,110,1,2,1,4,1,0,540,2040,179,30,2789
Porto Alegre,88,2,1,0,1,1,1,270,1300,27,19,1616
Porto Alegre,27,1,1,0,6,0,0,300,694,13,11,1018
Porto Alegre,71,3,2,1,4,1,0,530,1300,48,19,1897
Porto Alegre,48,1,1,0,0,1,0,250,900,542,14,1706
Porto Alegre,429,5,4,5,0,1,0,0,10500,334,187,11020
Porto Alegre,143,2,1,2,7,1,1,900,2500,184,37,3621
Porto Alegre,70,1,1,0,3,0,0,150,850,46,13,1059
Porto Alegre,60,1,1,1,2,0,0,345,1290,35,19,1689
Porto Alegre,51,2,1,1,3,1,0,270,1080,25,16,1391
Porto Alegre,50,1,1,0,1,1,0,287,1100,46,17,1450
Porto Alegre,58,2,1,0,1,1,1,0,1300,0,19,1319
Porto Alegre,80,2,1,1,8,1,0,755,4000,212,59,5026
Porto Alegre,56,2,2,1,3,1,0,250,1600,84,24,1958
Porto Alegre,60,1,1,1,1,1,0,316,500,10,8,834
Porto Alegre,106,3,2,2,2,0,1,300,4000,100,59,4459
Porto Alegre,40,1,1,0,9,1,0,500,850,42,13,1405
Porto Alegre,60,2,1,0,4,1,0,340,730,20,11,1101
Porto Alegre,40,1,1,0,3,1,1,350,750,42,11,1153
Porto Alegre,61,1,1,1,13,1,0,350,2200,67,33,2650
Porto Alegre,58,2,2,2,13,1,0,470,2550,0,38,3058
Porto Alegre,104,3,3,2,4,1,0,1200,3900,200,57,5357
Porto Alegre,28,1,1,0,0,1,0,200,840,50,13,1103
Porto Alegre,39,1,1,1,2,1,1,334,800,11,12,1157
Porto Alegre,60,2,1,0,6,1,0,340,980,8,15,1343
Porto Alegre,110,3,1,0,1,1,0,630,1850,80,28,2588
Porto Alegre,117,3,3,2,9,1,1,1090,4000,329,59,5478
Porto Alegre,70,3,2,0,0,1,0,290,1500,0,22,1812
Porto Alegre,58,1,1,0,8,1,0,500,867,42,13,1422
Porto Alegre,140,3,4,3,2,1,1,2200,8000,550,117,10870
Porto Alegre,60,2,1,1,0,0,0,0,950,34,17,1001
Porto Alegre,40,1,1,0,5,1,1,350,800,46,12,1208
Porto Alegre,35,1,1,1,1,0,1,0,1400,0,21,1421
Porto Alegre,47,1,1,1,1,0,1,400,2200,0,33,2633
Porto Alegre,90,3,1,0,0,1,0,280,1500,5,22,1807
Porto Alegre,65,3,2,1,11,1,0,380,1980,46,29,2435
Porto Alegre,200,4,3,1,0,1,1,0,4050,250,72,4372
Porto Alegre,47,1,1,1,1,0,1,400,2200,0,33,2633
Porto Alegre,131,3,2,1,3,1,1,1100,2500,125,37,3762
Porto Alegre,50,1,1,1,14,0,1,1300,1300,68,19,2687
Porto Alegre,60,2,2,0,3,1,0,400,1085,55,16,1556
Porto Alegre,121,2,1,2,3,1,0,300,1200,75,18,1593
Porto Alegre,98,2,3,2,3,1,0,450,2200,167,33,2850
Porto Alegre,127,3,2,2,2,1,1,600,2900,220,43,3763
Porto Alegre,70,2,2,0,7,1,1,600,3100,50,46,3796
Porto Alegre,115,1,2,2,7,1,0,1327,1550,177,23,3077
Porto Alegre,45,1,1,0,0,0,0,550,550,0,9,1109
Porto Alegre,129,2,3,1,5,1,1,900,1925,61,29,2915
Porto Alegre,73,2,1,1,8,1,0,550,2500,50,37,3137
Porto Alegre,110,2,2,0,5,0,1,700,3500,0,52,4252
Porto Alegre,400,4,4,6,0,1,0,0,7000,209,125,7334
Porto Alegre,108,3,2,2,17,0,0,900,3100,92,46,4138
Porto Alegre,67,1,1,1,3,1,0,350,840,25,13,1228
Porto Alegre,110,3,2,1,3,0,1,790,2300,75,34,3199
Porto Alegre,47,1,1,1,1,0,1,400,2200,0,33,2633
Porto Alegre,83,2,1,0,3,1,0,230,1300,31,19,1580
Porto Alegre,43,1,1,2,3,1,1,500,2500,75,37,3112
Porto Alegre,900,5,5,2,4,1,0,2700,1000,542,15,4257
Porto Alegre,301,3,3,4,0,1,1,0,5860,34,105,5999
Porto Alegre,40,1,1,0,5,1,0,320,650,9,10,989
Porto Alegre,40,1,1,1,8,1,0,500,2200,50,33,2783
Porto Alegre,80,3,2,1,5,1,0,500,1800,0,27,2327
Porto Alegre,110,2,2,1,2,1,0,700,1450,125,22,2297
Porto Alegre,109,4,3,1,2,1,0,680,1950,117,29,2776
Porto Alegre,40,1,1,0,0,1,0,390,500,0,8,898
Porto Alegre,65,1,1,0,5,1,1,300,1250,25,19,1594
Porto Alegre,75,3,2,1,12,1,0,330,1740,110,26,2206
Porto Alegre,125,3,2,4,6,1,1,1000,6500,195,95,7790
Porto Alegre,45,2,1,1,4,1,0,250,1100,22,17,1389
Porto Alegre,50,2,1,1,4,1,1,345,2750,72,41,3208
Porto Alegre,79,2,2,1,2,1,1,400,3200,0,27,3627
Porto Alegre,68,2,1,0,10,1,0,515,1650,73,25,2263
Porto Alegre,65,2,1,1,3,1,0,360,1066,15,16,1457
Porto Alegre,202,3,3,3,4,1,1,1500,7900,417,116,9933
Porto Alegre,18,1,1,0,15,1,1,360,830,10,13,1213
Porto Alegre,60,1,2,2,14,1,0,650,3000,167,44,3861
Porto Alegre,180,3,2,2,0,1,0,0,5048,0,90,5138
Porto Alegre,50,2,1,1,0,1,1,370,1290,30,17,1707
Porto Alegre,110,3,2,0,3,1,1,550,1980,234,29,2793
Porto Alegre,44,1,1,1,2,1,0,0,1200,0,18,1218
Porto Alegre,80,3,2,2,5,1,0,461,2000,59,30,2550
Porto Alegre,240,5,4,4,0,1,0,0,4760,584,85,5429
Porto Alegre,28,1,1,1,3,1,0,330,930,125,14,1399
Porto Alegre,50,1,1,0,7,1,1,200,1300,12,19,1531
Porto Alegre,42,1,1,0,15,1,0,350,1500,0,22,1872
Porto Alegre,106,3,3,2,3,1,0,637,2250,133,33,3053
Porto Alegre,50,1,1,0,3,1,0,270,600,23,9,902
Porto Alegre,78,3,1,1,2,1,0,500,1200,400,18,2118
Porto Alegre,73,2,3,1,2,1,0,400,1957,79,29,2465
Porto Alegre,209,3,3,2,6,1,1,450,3500,542,52,4544
Porto Alegre,115,2,2,1,1,1,0,300,1847,9,27,2183
Porto Alegre,147,3,1,1,6,0,0,500,2666,100,39,3305
Porto Alegre,102,3,2,1,5,1,0,800,3000,234,44,4078
Porto Alegre,59,2,1,0,1,1,0,430,700,17,11,1158
Porto Alegre,260,2,5,4,0,1,0,0,4500,75,80,4655
Porto Alegre,36,1,1,0,6,0,0,375,630,24,10,1039
Porto Alegre,47,1,1,1,19,0,0,650,2630,135,39,3454
Porto Alegre,83,2,2,1,7,1,0,450,1400,67,21,1938
Porto Alegre,56,2,1,1,2,1,0,350,800,38,12,1200
Porto Alegre,68,2,2,2,4,1,0,350,1700,60,25,2135
Porto Alegre,83,2,2,2,3,1,0,340,1900,70,28,2338
Porto Alegre,92,3,1,0,1,1,0,600,1800,42,27,2469
Porto Alegre,444,3,6,4,3,1,0,3000,4500,959,66,8525
Porto Alegre,96,3,2,2,4,1,1,730,3298,70,49,4147
Porto Alegre,98,2,2,0,2,0,0,475,1600,70,24,2169
Porto Alegre,67,3,2,1,3,1,0,350,1230,60,18,1658
Porto Alegre,40,1,1,1,4,1,0,200,650,5,10,865
Porto Alegre,99,3,2,0,3,1,0,1450,1088,112,16,2666
Porto Alegre,45,1,1,1,4,1,0,300,595,21,9,925
Porto Alegre,69,2,2,1,0,1,1,573,1500,107,22,2202
Porto Alegre,120,3,2,1,2,1,0,0,1020,25,15,1060
Porto Alegre,50,2,1,1,0,1,0,0,1000,25,18,1043
Porto Alegre,62,1,1,0,3,1,0,150,900,13,14,1077
Porto Alegre,101,2,1,2,2,1,0,750,1600,300,24,2674
Porto Alegre,74,2,2,2,5,1,0,600,2500,0,37,3137
Porto Alegre,38,1,1,0,1,0,1,300,1600,34,24,1958
Porto Alegre,42,2,1,0,2,1,0,280,790,23,12,1105
Porto Alegre,46,1,1,1,1,1,0,190,1300,15,19,1524
Porto Alegre,82,3,1,2,3,1,0,400,800,30,12,1242
Porto Alegre,59,2,2,1,2,0,0,470,1250,56,19,1795
Porto Alegre,275,5,2,4,0,1,0,0,3200,250,57,3507
Porto Alegre,58,2,1,2,8,1,1,500,2100,45,31,2676
Porto Alegre,68,1,1,1,1,0,1,445,1300,70,19,1834
Porto Alegre,75,3,2,1,5,1,0,441,1510,90,23,2064
Porto Alegre,40,1,1,0,2,1,1,0,1630,4,24,1658
Porto Alegre,52,2,1,1,1,0,0,205,750,18,11,984
Porto Alegre,53,2,1,0,3,1,0,234,1560,0,23,1817
Porto Alegre,270,3,2,2,0,1,0,0,2350,213,42,2605
Porto Alegre,60,2,1,1,2,1,0,310,950,0,14,1274
Porto Alegre,50,1,1,0,1,1,0,0,650,80,10,740
Porto Alegre,129,2,2,2,9,1,1,1200,6800,209,100,8309
Porto Alegre,38,1,1,0,15,1,0,210,1300,38,19,1567
Porto Alegre,194,2,3,0,3,1,0,700,3310,333,49,4392
Porto Alegre,80,2,2,2,21,1,0,1380,3670,163,54,5267
Porto Alegre,80,3,2,1,2,1,0,200,1739,25,26,1990
Porto Alegre,84,3,2,1,1,1,0,750,1600,109,24,2483
Porto Alegre,90,3,1,1,3,1,0,350,1550,0,23,1923
Porto Alegre,66,2,2,0,4,1,0,250,1600,0,24,1874
Porto Alegre,70,2,1,1,11,1,0,400,1350,28,20,1798
Porto Alegre,76,2,2,1,3,1,0,250,2200,70,33,2553
Porto Alegre,80,3,2,1,6,0,0,557,2700,84,40,3381
Porto Alegre,47,1,1,1,1,0,1,400,2200,0,33,2633
Porto Alegre,63,2,2,1,13,1,0,480,2000,56,30,2566
Porto Alegre,44,1,1,0,5,1,0,350,769,35,12,1166
Porto Alegre,116,3,2,2,4,1,0,670,3400,200,50,4320
Porto Alegre,80,2,1,0,0,1,0,0,950,0,17,967
Porto Alegre,120,3,2,2,2,0,0,600,2000,121,30,2751
Porto Alegre,48,1,1,1,12,1,1,950,2500,0,37,3487
Porto Alegre,38,1,1,0,6,1,1,530,850,34,13,1427
Porto Alegre,94,1,1,1,2,1,0,700,4800,250,71,5821
Porto Alegre,302,4,4,3,2,1,0,2100,8973,750,132,11960
Porto Alegre,72,2,2,1,3,1,1,300,2000,109,30,2439
Porto Alegre,102,3,2,1,9,1,1,1050,4000,125,59,5234
Porto Alegre,29,1,1,0,2,1,0,148,1380,15,21,1564
Porto Alegre,65,2,1,0,5,1,0,550,850,34,13,1447
Porto Alegre,64,2,1,0,7,1,1,650,2000,57,30,2737
Porto Alegre,69,2,2,0,3,1,0,334,1500,40,22,1896
Porto Alegre,75,2,1,0,10,1,0,600,1100,60,17,1777
Porto Alegre,65,1,2,2,3,1,0,500,2500,0,37,3037
Porto Alegre,193,4,3,4,0,1,1,0,4000,125,72,4197
Porto Alegre,100,2,3,2,3,1,1,350,2600,100,38,3088
Porto Alegre,137,3,2,3,5,1,0,500,2800,150,41,3491
Porto Alegre,60,2,2,1,4,1,0,375,1500,0,22,1897
Porto Alegre,44,1,1,0,2,1,1,316,1163,49,17,1545
Porto Alegre,70,2,2,2,3,0,0,700,1900,67,28,2695
Porto Alegre,40,1,1,1,0,1,0,0,960,15,18,993
Porto Alegre,54,2,1,1,2,1,0,150,900,100,14,1164
Porto Alegre,37,1,1,0,1,1,0,270,650,23,10,953
Porto Alegre,56,1,1,0,2,1,0,300,700,34,11,1045
Porto Alegre,60,2,1,1,0,1,0,0,540,0,10,550
Porto Alegre,70,2,1,1,2,1,1,100,1360,100,20,1580
Porto Alegre,45,1,1,1,18,0,0,450,2000,100,30,2580
Porto Alegre,36,1,1,0,4,0,1,277,1290,87,19,1673
Porto Alegre,90,2,1,1,2,1,1,220,1350,53,20,1643
Porto Alegre,42,1,1,1,11,1,0,372,2700,0,40,3112
Porto Alegre,53,2,2,1,3,1,0,360,1275,59,19,1713
Porto Alegre,68,2,2,1,2,1,0,400,1800,82,27,2309
Porto Alegre,50,1,1,0,3,1,0,0,1100,0,17,1117
Porto Alegre,43,1,1,1,4,1,0,360,800,82,12,1254
Porto Alegre,155,2,2,2,5,1,0,450,2300,94,34,2878
Porto Alegre,500,5,4,4,4,0,0,2000,4000,1250,59,7309
Porto Alegre,44,1,2,0,3,1,0,140,1350,10,20,1520
Porto Alegre,157,4,3,1,12,1,1,1150,3500,169,52,4871
Porto Alegre,100,3,2,2,0,1,0,0,3000,125,54,3179
Porto Alegre,65,2,1,0,3,1,0,140,985,21,15,1161
Porto Alegre,43,2,1,0,6,0,0,382,1570,42,23,2017
Porto Alegre,42,1,1,1,3,1,1,162,1400,17,21,1600
Porto Alegre,70,2,1,0,12,1,0,500,1105,84,17,1706
Porto Alegre,73,3,2,1,1,1,0,354,1777,84,26,2241
Porto Alegre,48,2,1,0,1,1,0,400,950,36,14,1400
Porto Alegre,70,2,2,2,12,1,0,500,1800,0,27,2327
Porto Alegre,46,1,1,1,2,1,0,380,650,16,10,1056
Porto Alegre,40,1,1,0,5,0,1,0,2000,0,30,2030
Porto Alegre,200,2,3,2,12,1,1,1800,12750,500,187,15240
Porto Alegre,40,1,1,0,1,1,1,0,816,0,15,831
Porto Alegre,101,3,2,2,8,1,1,541,4200,142,62,4945
Porto Alegre,72,2,1,0,3,0,0,100,900,42,14,1056
Porto Alegre,31,1,1,0,4,1,0,250,586,28,9,873
Porto Alegre,38,1,1,0,10,1,0,330,1800,42,27,2199
Porto Alegre,140,3,2,2,3,1,1,1300,3200,167,47,4714
Porto Alegre,40,1,1,0,3,1,0,250,930,21,14,1215
Porto Alegre,30,1,1,0,3,0,0,250,650,30,10,940
Porto Alegre,85,3,2,2,8,1,1,700,3400,100,50,4250
Porto Alegre,170,2,2,0,19,1,1,800,2700,184,40,3724
Porto Alegre,160,2,4,2,8,1,0,1500,7000,167,103,8770
Porto Alegre,67,2,1,1,9,1,0,300,1200,284,18,1802
Porto Alegre,62,2,2,2,6,1,0,570,1390,60,21,2041
Porto Alegre,47,1,1,1,1,0,1,400,2200,0,33,2633
Porto Alegre,42,1,1,1,7,1,0,415,1200,54,18,1687
Porto Alegre,62,2,1,1,5,1,0,470,1150,70,17,1707
Porto Alegre,326,3,2,3,0,1,0,350,3900,2760,70,7080
Porto Alegre,74,3,1,1,1,1,0,380,1090,42,16,1528
Porto Alegre,64,1,1,1,2,1,1,398,1200,48,18,1664
Porto Alegre,45,1,1,1,13,1,1,400,2550,120,38,3108
Porto Alegre,250,4,2,1,0,1,0,0,2700,209,48,2957
Porto Alegre,42,1,1,0,4,1,1,250,1250,25,19,1544
Porto Alegre,140,2,2,1,2,1,1,252,3000,150,44,3446
Porto Alegre,42,1,1,1,7,1,0,500,2300,42,34,2876
Porto Alegre,55,2,1,0,3,1,1,350,1125,25,17,1517
Porto Alegre,330,4,4,3,0,1,0,0,6994,403,125,7522
Porto Alegre,49,1,1,0,4,1,0,330,900,24,14,1268
Porto Alegre,48,1,1,0,2,1,0,309,700,28,11,1048
Porto Alegre,47,1,1,1,10,1,0,360,610,6,9,985
Porto Alegre,50,2,1,1,0,0,0,0,1000,35,18,1053
Porto Alegre,90,4,2,0,0,0,0,0,1700,152,31,1883
Porto Alegre,25,1,1,0,3,1,0,100,790,13,12,915
Porto Alegre,50,2,1,0,13,1,1,488,1400,41,21,1950
Porto Alegre,106,3,3,1,2,1,0,800,3000,230,44,4074
Porto Alegre,76,3,2,2,6,1,0,250,2100,0,31,2381
Porto Alegre,184,3,3,2,6,1,0,1100,5445,264,80,6889
Porto Alegre,80,3,1,0,0,0,0,0,1250,0,23,1273
Porto Alegre,40,1,1,0,20,1,0,135,890,21,13,1059
Porto Alegre,30,1,1,0,9,1,0,270,890,34,13,1207
Porto Alegre,250,2,2,0,0,1,1,0,4000,335,72,4407
Porto Alegre,60,2,1,1,5,1,0,350,1150,50,17,1567
Porto Alegre,50,2,2,1,4,1,0,270,1300,34,19,1623
Porto Alegre,127,3,2,1,1,1,1,539,3000,120,44,3703
Porto Alegre,71,2,1,0,1,1,0,330,990,0,15,1335
Porto Alegre,88,2,2,1,3,1,0,700,1900,77,28,2705
Porto Alegre,76,1,1,0,5,0,1,503,1490,177,22,2192
Porto Alegre,132,6,4,2,18,1,0,800,3400,117,50,4367
Porto Alegre,70,2,2,0,4,0,1,250,1550,42,23,1865
Porto Alegre,66,2,1,0,1,1,0,150,1700,59,25,1934
Porto Alegre,114,3,2,1,2,1,1,750,2900,109,43,3802
Porto Alegre,60,1,1,2,1,1,1,0,2000,0,30,2030
Porto Alegre,44,1,1,0,2,1,0,280,1100,30,17,1427
Porto Alegre,65,2,2,2,6,1,0,400,1950,41,29,2420
Porto Alegre,76,2,2,2,3,1,0,600,1700,34,25,2359
Porto Alegre,280,5,3,3,0,1,1,0,4000,117,72,4189
Porto Alegre,76,3,2,1,9,1,0,550,1600,59,24,2233
Porto Alegre,49,2,1,0,4,1,0,250,1650,15,25,1940
Porto Alegre,75,2,2,1,6,1,0,200,1300,250,19,1769
Porto Alegre,50,1,1,0,0,1,0,250,803,0,12,1065
Porto Alegre,55,2,2,0,4,1,0,290,1400,34,21,1745
Porto Alegre,42,2,1,1,2,1,0,900,923,100,14,1937
Porto Alegre,55,2,1,0,1,1,0,150,1250,85,19,1504
Porto Alegre,350,5,4,2,0,1,0,0,4794,500,86,5380
Porto Alegre,111,2,2,1,0,1,0,218,1102,33,20,1373
Porto Alegre,48,2,1,1,3,1,0,400,1000,7,15,1422
Porto Alegre,140,3,3,1,0,1,0,100,1500,59,27,1686
Porto Alegre,38,1,1,1,3,1,0,360,500,6,8,874
Porto Alegre,55,1,1,1,10,0,1,620,3500,104,52,4276
Porto Alegre,73,2,1,0,1,1,1,260,1350,25,20,1655
Porto Alegre,59,2,1,1,4,1,1,260,1930,50,29,2269
Porto Alegre,27,1,1,0,2,1,0,100,960,75,15,1150
Porto Alegre,47,1,1,1,1,0,1,400,2200,0,33,2633
Porto Alegre,38,1,1,0,5,1,0,350,770,38,12,1170
Porto Alegre,55,3,1,0,0,0,0,0,720,8,13,741
Porto Alegre,86,2,1,0,0,1,0,250,1150,58,21,1479
Porto Alegre,30,1,1,0,2,1,1,200,1100,42,17,1359
Porto Alegre,101,3,2,0,3,1,1,450,1920,87,29,2486
Porto Alegre,274,3,2,2,1,1,0,300,2500,253,37,3090
Porto Alegre,77,2,2,2,3,1,0,450,2500,0,37,2987
Porto Alegre,28,1,1,0,4,1,0,150,800,15,12,977
Porto Alegre,60,1,1,0,2,1,0,200,750,42,11,1003
Porto Alegre,87,2,2,2,19,1,0,630,2900,67,43,3640
Porto Alegre,55,2,1,0,2,1,0,287,1000,42,15,1344
Porto Alegre,27,1,1,0,2,1,0,100,960,75,15,1150
Porto Alegre,50,1,1,0,2,0,0,250,1500,50,22,1822
Porto Alegre,70,2,1,1,2,1,0,390,930,45,14,1379
Porto Alegre,46,1,1,0,5,1,0,280,990,30,15,1315
Porto Alegre,63,2,1,2,6,1,1,700,2750,92,41,3583
Porto Alegre,40,1,1,0,2,0,0,210,796,26,12,1044
Porto Alegre,110,3,1,1,2,1,0,450,2700,83,40,3273
Porto Alegre,180,3,2,1,3,0,0,1300,2000,125,30,3455
Porto Alegre,58,1,2,2,2,1,0,450,2200,0,33,2683
Porto Alegre,123,3,3,1,2,0,0,0,3000,0,44,3044
Porto Alegre,36,1,1,1,17,1,0,225,1200,35,18,1478
Porto Alegre,100,3,2,2,0,1,0,1,2300,84,41,2426
Porto Alegre,30,1,1,0,3,1,0,140,1360,24,20,1544
Porto Alegre,39,1,1,0,11,1,0,340,600,13,9,962
Porto Alegre,350,4,3,3,0,1,1,0,4400,209,79,4688
Porto Alegre,30,1,1,0,2,1,1,280,1270,42,19,1611
Porto Alegre,97,3,3,3,5,1,0,850,3000,164,44,4058
Porto Alegre,75,2,2,1,4,1,0,488,2800,135,41,3464
Porto Alegre,59,2,2,1,2,1,0,490,1450,48,22,2010
Porto Alegre,216,3,2,1,23,1,0,1400,3800,167,56,5423
Porto Alegre,50,2,1,1,3,1,1,334,1300,16,19,1669
Porto Alegre,50,2,1,1,5,1,0,188,1180,0,18,1386
Porto Alegre,38,1,1,1,9,1,0,350,2500,42,37,2929
Porto Alegre,61,2,1,0,3,0,0,400,1445,0,22,1867
Porto Alegre,40,1,1,1,2,1,1,300,1500,23,22,1845
Porto Alegre,72,2,1,0,1,1,0,200,1200,67,18,1485
Porto Alegre,90,2,1,0,1,1,0,300,1353,77,20,1750
Porto Alegre,46,1,1,0,2,1,0,0,1070,56,16,1142
Porto Alegre,42,1,1,0,2,1,0,250,1200,27,18,1495
Porto Alegre,360,5,3,6,0,1,1,0,4800,197,86,5083
Porto Alegre,58,2,1,0,2,1,0,299,750,30,11,1090
Porto Alegre,170,3,2,0,3,1,1,1750,1000,165,15,2930
Porto Alegre,35,1,1,0,1,1,0,100,960,75,15,1150
Porto Alegre,100,2,2,2,0,1,0,120,2200,159,33,2512
Porto Alegre,240,3,4,3,0,1,0,0,6000,184,107,6291
Porto Alegre,55,2,1,0,19,1,0,500,1200,84,18,1802
Porto Alegre,80,2,2,0,0,1,1,330,1638,0,19,1987
Porto Alegre,150,3,3,2,10,1,1,1300,8900,250,130,10580
Porto Alegre,54,1,1,0,2,1,0,400,1000,25,15,1440
Porto Alegre,78,2,1,0,3,1,0,280,1480,32,22,1814
Porto Alegre,46,1,1,0,6,1,0,345,850,27,13,1235
Porto Alegre,43,1,1,0,3,1,1,250,1500,25,22,1797
Porto Alegre,90,3,2,2,9,1,0,1163,2500,202,37,3902
Porto Alegre,25,1,1,0,8,1,0,277,750,27,11,1065
Porto Alegre,156,3,2,1,0,1,0,0,1615,110,29,1754
Porto Alegre,100,4,2,1,2,1,0,750,1820,167,27,2764
Porto Alegre,98,3,1,0,1,0,0,240,12750,50,187,13230
Porto Alegre,40,1,1,0,10,1,0,200,800,19,12,1031
Porto Alegre,70,2,2,0,3,0,1,400,1995,80,30,2505
Porto Alegre,40,1,1,1,1,1,0,402,1050,67,16,1535
Porto Alegre,54,2,1,2,2,1,0,240,1310,30,20,1600
Porto Alegre,387,7,5,3,0,1,1,0,6000,394,107,6501
Porto Alegre,38,1,1,0,1,1,0,280,690,9,11,990
Porto Alegre,68,2,1,0,2,1,0,160,1320,26,20,1526
Porto Alegre,180,6,2,3,1,1,0,0,4800,242,71,5113
Porto Alegre,64,2,3,2,2,1,0,400,2750,113,41,3304
Porto Alegre,42,2,1,0,0,1,0,0,860,13,16,889
Porto Alegre,72,2,2,1,2,1,0,570,1200,60,18,1848
Porto Alegre,90,3,2,2,9,1,0,433,2780,116,41,3370
Porto Alegre,37,1,1,0,2,1,0,330,1500,67,22,1919
Porto Alegre,150,4,3,0,0,1,0,0,3300,800,59,4159
Porto Alegre,204,4,4,2,0,1,0,0,3440,100,62,3602
Porto Alegre,80,1,1,0,0,1,0,0,971,15,18,1004
Porto Alegre,182,3,4,2,0,1,0,164,2900,74,52,3190
Porto Alegre,180,3,2,3,2,1,1,0,5100,250,75,5425
Porto Alegre,69,3,2,1,5,1,0,395,1850,65,28,2338
Porto Alegre,92,3,2,1,4,1,1,720,3200,75,47,4042
Porto Alegre,83,3,2,1,11,1,0,750,2500,101,37,3388
Porto Alegre,60,2,1,0,0,1,0,0,650,42,12,704
Porto Alegre,45,1,1,0,1,1,0,50,640,84,10,784
Porto Alegre,55,2,1,1,4,1,0,250,1500,83,22,1855
Porto Alegre,40,1,1,0,2,1,1,120,1150,35,17,1322
Porto Alegre,107,3,2,1,0,1,0,0,2000,42,36,2078
Porto Alegre,35,1,1,0,1,1,0,230,550,9,9,798
Porto Alegre,243,3,5,1,2,1,0,1788,5556,667,82,8093
Porto Alegre,80,2,2,0,3,1,1,300,2800,0,41,3141
Porto Alegre,180,4,2,2,3,1,0,1000,2400,109,36,3545
Porto Alegre,64,2,1,0,4,0,1,250,1700,9,25,1984
Porto Alegre,40,1,1,0,0,0,0,0,750,0,14,764
Porto Alegre,98,2,1,0,9,1,0,380,1800,91,27,2298
Porto Alegre,200,4,3,0,0,0,0,0,15000,834,267,16100
Porto Alegre,42,1,2,1,2,1,0,217,1800,42,27,2086
Porto Alegre,61,2,1,0,2,1,0,380,850,30,13,1273
Porto Alegre,50,1,1,0,8,1,0,320,780,25,12,1137
Porto Alegre,196,3,4,2,7,1,1,2000,4600,325,68,6993
Porto Alegre,70,2,1,0,0,1,0,350,1300,42,19,1711
Porto Alegre,63,2,2,1,8,1,0,500,1960,6,29,2495
Porto Alegre,73,3,1,0,2,1,0,415,1800,44,27,2286
Porto Alegre,42,1,1,1,2,1,0,255,2198,0,33,2486
Porto Alegre,197,3,2,3,3,1,0,1780,7000,425,103,9308
Porto Alegre,160,3,3,3,8,1,1,2200,8950,621,131,11900
Porto Alegre,60,2,2,1,4,0,0,600,2170,67,32,2869
Porto Alegre,71,3,1,0,1,1,0,320,1250,46,19,1635
Porto Alegre,113,3,2,3,4,1,0,599,2200,100,33,2932
Porto Alegre,35,1,1,0,0,1,1,220,850,9,13,1092
Porto Alegre,513,3,2,2,3,1,1,350,2900,100,43,3393
Porto Alegre,115,1,1,0,4,1,1,350,1600,150,24,2124
Porto Alegre,38,1,1,1,8,1,0,350,1490,46,22,1908
Porto Alegre,58,2,2,2,8,1,0,500,2470,0,37,3007
Porto Alegre,87,2,1,1,6,1,1,300,1550,43,23,1916
Porto Alegre,270,2,3,1,0,1,0,0,6500,38,116,6654
Porto Alegre,79,3,1,0,10,1,1,480,1140,500,17,2137
Porto Alegre,112,2,2,2,10,1,0,1100,3153,100,47,4400
Porto Alegre,238,4,3,1,5,1,1,1200,4250,300,63,5813
Porto Alegre,55,1,1,0,1,1,0,250,700,32,11,993
Porto Alegre,163,3,4,2,3,1,1,1916,8000,217,117,10250
Porto Alegre,39,1,1,0,2,1,1,120,780,8,12,920
Porto Alegre,55,1,1,1,6,1,0,450,935,45,14,1444
Porto Alegre,90,3,2,1,2,1,1,650,2200,60,33,2943
Porto Alegre,32,1,1,1,4,1,0,450,2500,42,37,3029
Porto Alegre,460,4,4,4,0,1,0,0,4000,270,72,4342
Porto Alegre,120,3,3,0,7,1,1,1126,7500,284,110,9020
Porto Alegre,92,3,1,0,3,1,0,600,1800,42,27,2469
Porto Alegre,101,3,2,1,3,1,0,630,2900,142,43,3715
Porto Alegre,44,1,1,0,4,1,1,270,550,6,9,835
Porto Alegre,75,2,1,0,1,1,0,380,2500,100,37,3017
Porto Alegre,450,5,5,2,0,1,0,1100,8000,417,143,9660
Porto Alegre,56,1,2,1,6,1,1,650,2500,100,37,3287
Porto Alegre,70,2,1,0,8,1,1,400,1200,34,18,1652
Porto Alegre,72,2,2,1,2,1,0,650,950,100,14,1714
Porto Alegre,95,3,1,2,2,1,0,510,1300,96,19,1925
Porto Alegre,27,1,1,0,2,1,0,100,960,75,15,1150
Porto Alegre,65,3,2,1,3,1,0,400,850,24,13,1287
Porto Alegre,47,1,1,1,1,0,1,400,2200,0,33,2633
Porto Alegre,89,2,2,1,2,1,0,350,1850,0,28,2228
Porto Alegre,164,3,3,0,5,1,0,1680,4500,225,66,6471
Porto Alegre,215,6,6,6,0,1,0,0,5000,109,89,5198
Porto Alegre,320,4,4,2,13,1,1,1500,4500,2900,66,8966
Porto Alegre,62,2,1,0,3,1,0,80,1250,40,19,1389
Porto Alegre,650,4,6,5,0,1,1,0,13800,650,246,14700
Porto Alegre,51,1,1,1,4,1,0,450,2000,61,30,2541
Porto Alegre,84,3,2,1,8,1,0,500,2200,77,33,2810
Porto Alegre,124,3,3,1,7,1,0,970,1942,68,29,3009
Porto Alegre,220,4,3,1,0,0,1,230,2000,0,36,2266
Porto Alegre,260,2,2,1,4,1,0,170,2000,25,30,2225
Porto Alegre,32,1,1,1,4,1,0,450,2500,42,37,3029
Porto Alegre,109,3,2,1,7,1,0,992,2080,167,31,3270
Porto Alegre,42,1,1,1,3,1,0,390,1390,54,21,1855
Porto Alegre,28,1,1,0,2,1,0,184,850,12,13,1059
Porto Alegre,73,2,1,1,2,1,0,213,1200,39,18,1470
Porto Alegre,80,3,2,2,4,1,0,300,1850,50,28,2228
Porto Alegre,367,4,3,2,3,1,1,1400,4500,309,66,6275
Porto Alegre,68,2,2,2,9,1,0,400,2400,100,20,2920
Porto Alegre,90,3,2,1,12,1,0,500,1480,79,22,2081
Porto Alegre,47,2,1,1,7,1,0,389,1200,0,18,1607
Porto Alegre,120,3,3,2,7,1,1,1000,3240,100,48,4388
Porto Alegre,40,1,1,0,4,0,0,300,1200,0,18,1518
Porto Alegre,216,3,3,3,0,1,0,0,2390,94,43,2527
Porto Alegre,160,2,4,2,8,0,1,950,3100,200,46,4296
Porto Alegre,63,2,1,0,12,1,0,500,1170,34,18,1722
Porto Alegre,42,1,1,2,2,1,1,240,1000,80,15,1335
Porto Alegre,360,3,1,4,0,1,0,0,2800,417,50,3267
Porto Alegre,40,1,1,0,6,1,0,180,1250,6,19,1455
Porto Alegre,63,2,1,0,2,1,0,180,1000,42,15,1237
Porto Alegre,80,2,2,1,6,1,0,580,3300,50,49,3979
Porto Alegre,50,2,1,1,1,1,0,100,1440,0,22,1562
Porto Alegre,83,2,2,1,3,1,0,700,2500,101,37,3338
Porto Alegre,82,2,2,2,3,1,1,570,4150,200,61,4981
Porto Alegre,41,1,1,1,6,1,0,400,2100,17,31,2548
Porto Alegre,218,3,5,2,3,1,1,1160,4950,409,73,6592
Porto Alegre,160,3,2,2,4,1,0,890,1990,50,30,2960
Porto Alegre,47,1,1,1,2,0,0,230,940,5,14,1189
Porto Alegre,457,6,6,2,0,1,1,0,8500,417,152,9069
Porto Alegre,105,4,2,1,3,1,0,505,2200,114,33,2852
Porto Alegre,45,2,1,1,4,1,0,280,750,67,11,1108
Porto Alegre,52,1,1,1,20,1,0,800,2500,1,37,3338
Porto Alegre,63,2,1,0,3,1,1,200,1400,53,21,1674
Porto Alegre,34,1,1,1,6,1,1,180,1500,6,22,1708
Porto Alegre,193,3,2,2,6,1,0,1800,2400,297,36,4533
Porto Alegre,40,1,1,0,1,1,0,328,500,140,8,976
Porto Alegre,110,3,3,0,1,1,0,400,3250,75,48,3773
Porto Alegre,54,2,1,0,4,1,0,260,1100,42,17,1419
Porto Alegre,43,1,1,1,18,1,1,600,3300,100,49,4049
Porto Alegre,336,2,2,2,2,1,1,4106,5556,591,82,10340
Porto Alegre,300,3,2,3,0,1,0,0,2400,88,43,2531
Porto Alegre,54,1,1,1,4,0,0,250,1250,11,19,1530
Porto Alegre,233,4,6,4,0,1,0,0,14000,584,249,14830
Porto Alegre,27,1,1,0,9,1,0,200,750,13,11,974
Porto Alegre,79,2,1,0,0,1,0,448,1105,84,17,1654
Porto Alegre,30,1,1,0,5,1,0,300,545,17,8,870
Porto Alegre,42,1,1,0,4,1,0,400,1200,33,18,1651
Porto Alegre,60,2,1,0,0,0,0,0,1500,34,27,1561
Porto Alegre,70,3,2,1,7,1,0,530,2300,111,34,2975
Porto Alegre,56,2,1,0,4,1,0,300,637,32,10,979
Porto Alegre,300,3,5,3,0,1,0,0,5500,360,98,5958
Porto Alegre,350,6,5,2,0,0,0,0,4000,334,72,4406
Porto Alegre,30,1,1,1,3,1,0,200,1110,0,17,1327
Porto Alegre,79,3,2,2,6,1,1,550,2300,50,34,2934
Porto Alegre,61,2,1,0,1,1,0,470,1200,22,18,1710
Porto Alegre,102,2,1,0,4,1,0,420,1250,88,19,1777
Porto Alegre,185,3,4,2,0,1,0,164,2900,74,52,3190
Porto Alegre,90,2,1,1,1,1,0,0,1090,50,16,1156
Porto Alegre,170,3,3,2,0,1,0,0,8000,209,143,8352
Porto Alegre,72,2,1,0,23,1,0,600,1100,9,17,1726
Porto Alegre,44,1,1,0,3,1,0,330,1300,40,19,1689
Porto Alegre,80,3,3,0,4,1,0,300,2200,0,33,2533
Porto Alegre,147,4,4,2,2,1,0,1100,1800,305,27,3232
Porto Alegre,27,1,1,0,1,1,0,100,960,75,15,1150
Porto Alegre,36,2,1,1,2,1,0,370,1350,75,20,1815
Porto Alegre,140,3,1,0,8,1,0,900,2000,150,30,3080
Porto Alegre,104,3,2,1,2,1,0,1080,3400,125,50,4655
Porto Alegre,50,1,1,1,4,1,0,420,1190,0,18,1628
Porto Alegre,180,3,3,1,12,1,0,1500,2000,0,30,3530
Porto Alegre,82,3,2,1,3,1,0,690,1780,90,26,2586
Porto Alegre,46,2,1,0,1,1,0,177,807,30,12,1026
Porto Alegre,87,2,1,0,4,1,1,450,2200,75,33,2758
Porto Alegre,42,2,1,0,0,1,0,0,858,15,16,889
Porto Alegre,38,1,1,0,11,0,0,240,1150,35,17,1442
Porto Alegre,94,3,2,1,7,1,0,988,3200,242,47,4477
Porto Alegre,27,1,1,0,2,0,1,300,1400,13,21,1734
Porto Alegre,25,1,1,0,4,1,0,200,915,43,14,1172
Porto Alegre,70,1,1,1,8,0,1,650,1050,34,16,1750
Porto Alegre,75,2,2,1,2,1,0,396,2000,91,30,2517
Porto Alegre,27,1,1,0,8,0,1,360,1000,13,15,1388
Porto Alegre,49,1,1,0,1,1,0,250,790,21,12,1073
Porto Alegre,63,2,1,0,3,1,1,200,1400,53,21,1674
Porto Alegre,98,2,1,0,3,1,1,477,1800,92,27,2396
Porto Alegre,54,1,1,1,6,1,0,450,1200,42,18,1710
Porto Alegre,65,3,1,1,1,1,0,400,850,31,13,1294
Porto Alegre,35,1,1,0,1,1,0,120,1170,92,18,1400
Porto Alegre,112,3,3,2,1,1,0,1000,3000,234,44,4278
Porto Alegre,67,3,2,2,7,1,0,400,2000,50,30,2480
Porto Alegre,111,2,2,0,15,1,0,850,1612,100,24,2586
Porto Alegre,179,3,2,2,0,1,1,0,3700,67,66,3833
Porto Alegre,47,1,1,1,1,0,1,400,2200,0,33,2633
Porto Alegre,180,4,1,1,0,1,0,1,4480,375,80,4936
Porto Alegre,282,4,2,4,0,1,1,0,5000,355,89,5444
Porto Alegre,45,1,1,0,11,1,0,750,900,658,14,2322
Porto Alegre,86,2,2,2,3,1,0,1000,2950,120,44,4114
Porto Alegre,62,3,2,1,2,1,1,550,2100,50,31,2731
Porto Alegre,130,3,3,1,6,1,0,1000,4900,167,72,6139
Porto Alegre,30,1,1,0,0,0,0,0,500,0,9,509
Porto Alegre,110,2,1,0,0,1,0,0,1070,1160,20,2250
Porto Alegre,50,1,1,0,2,1,1,300,1600,42,24,1966
Porto Alegre,52,2,1,0,4,1,0,401,730,21,11,1163
Porto Alegre,77,3,2,1,2,0,0,284,1260,20,19,1583
Porto Alegre,160,3,2,2,0,1,0,100,2000,75,36,2211
Porto Alegre,80,2,1,0,0,1,0,0,990,0,18,1008
Porto Alegre,50,1,1,0,2,1,1,300,930,25,14,1269
Porto Alegre,63,1,1,0,3,1,0,340,900,38,14,1292
Porto Alegre,60,1,1,1,4,0,0,2400,800,209,12,3421
Porto Alegre,147,3,3,3,0,1,0,0,2600,81,47,2728
Porto Alegre,222,3,2,2,3,0,1,770,5083,350,75,6278
Porto Alegre,37,1,1,0,4,1,0,338,1600,67,24,2029
Porto Alegre,70,2,2,0,4,1,0,330,1410,59,21,1820
Porto Alegre,238,3,3,3,2,1,1,700,4180,167,62,5109
Porto Alegre,339,3,5,4,11,1,1,3000,14000,834,205,18040
Porto Alegre,156,3,1,0,2,1,0,500,1600,142,24,2266
Porto Alegre,55,1,1,1,3,1,0,250,2300,45,34,2629
Porto Alegre,68,1,2,1,4,1,1,500,2500,117,37,3154
Porto Alegre,271,4,3,1,7,1,0,1500,3900,500,57,5957
Porto Alegre,40,1,1,0,7,1,0,180,1000,6,15,1201
Porto Alegre,130,4,4,3,3,1,1,1600,10840,292,159,12890
Porto Alegre,63,2,2,2,3,1,1,500,2150,70,32,2752
Porto Alegre,40,1,1,1,1,0,1,250,1050,8,16,1324
Porto Alegre,117,3,2,1,1,1,0,706,3400,217,50,4373
Porto Alegre,60,2,1,2,0,1,0,0,1400,0,25,1425
Porto Alegre,96,2,1,0,2,0,0,200,1000,40,15,1255
Porto Alegre,70,1,2,0,0,0,0,0,1500,59,27,1586
Porto Alegre,40,1,1,1,6,1,0,180,1250,6,19,1455
Porto Alegre,75,2,1,0,9,1,0,450,1000,34,15,1499
Porto Alegre,220,3,2,2,0,1,0,0,2600,53,47,2700
Porto Alegre,80,2,2,1,12,1,0,500,2000,0,30,2530
Porto Alegre,88,2,2,1,3,1,0,550,2100,800,31,3481
Porto Alegre,215,3,4,2,1,1,0,1900,3600,300,53,5853
Porto Alegre,78,3,2,2,6,1,1,720,3500,169,52,4441
Porto Alegre,50,2,1,1,1,0,0,100,1500,0,22,1622
Porto Alegre,281,4,4,2,5,1,0,1300,3500,410,52,5262
Porto Alegre,40,1,1,0,2,0,0,282,850,43,13,1188
Porto Alegre,47,1,1,0,3,1,0,300,800,21,12,1133
Porto Alegre,35,1,1,0,5,1,0,330,1000,20,15,1365
Porto Alegre,30,1,1,0,4,1,0,360,600,17,9,986
Porto Alegre,147,2,3,2,2,1,1,400,7900,75,116,8491
Porto Alegre,180,3,3,2,3,1,0,700,2700,175,40,3615
Porto Alegre,90,2,2,1,3,0,0,400,2500,80,37,3017
Porto Alegre,67,2,1,1,8,0,1,600,2500,96,37,3233
Porto Alegre,127,3,3,0,5,1,0,1295,1125,209,17,2646
Porto Alegre,115,3,2,1,3,1,0,900,2500,250,37,3687
Porto Alegre,70,2,1,0,0,1,0,360,1150,15,17,1542
Porto Alegre,64,2,2,2,5,1,0,410,2300,50,34,2794
Porto Alegre,42,2,1,0,1,1,0,360,1200,100,18,1678
Porto Alegre,320,3,4,4,0,1,0,0,4950,234,88,5272
Porto Alegre,82,2,2,2,6,1,0,280,2800,92,41,3213
Porto Alegre,60,3,1,0,3,1,0,265,1550,31,23,1869
Porto Alegre,78,3,2,0,8,1,0,350,1700,61,25,2136
Porto Alegre,214,3,3,2,4,1,0,2500,3500,500,52,6552
Porto Alegre,80,2,1,0,0,1,1,0,1610,0,24,1634
Porto Alegre,46,1,1,2,7,1,0,690,2400,98,36,3224
Porto Alegre,92,2,2,1,6,1,0,450,1900,67,28,2445
Porto Alegre,750,5,3,6,0,0,1,0,7980,46,142,8168
Porto Alegre,340,2,3,2,5,1,0,1500,4000,317,59,5876
Porto Alegre,254,3,4,2,0,1,0,0,6150,200,110,6460
Porto Alegre,51,2,1,1,6,1,0,200,1050,75,16,1341
Porto Alegre,47,1,1,1,3,0,1,400,2200,0,33,2633
Porto Alegre,117,3,1,1,3,1,0,258,1550,100,23,1931
Porto Alegre,95,2,1,1,3,1,0,300,2800,69,41,3210
Porto Alegre,188,3,4,2,0,1,1,650,3800,0,68,4518
Porto Alegre,90,3,3,1,1,1,0,320,2500,91,37,2948
Porto Alegre,58,1,1,1,4,1,1,350,2300,139,34,2823
Porto Alegre,43,1,1,1,21,1,1,888,2450,107,36,3481
Porto Alegre,38,1,1,0,1,1,0,300,850,34,13,1197
Porto Alegre,47,1,1,1,1,0,1,400,2200,0,33,2633
Porto Alegre,135,3,2,1,8,1,0,1300,2165,209,32,3706
Porto Alegre,70,2,1,0,0,1,0,320,1200,65,18,1603
Porto Alegre,60,2,1,0,2,1,0,389,850,320,13,1572
Porto Alegre,38,1,1,0,2,1,0,335,800,43,12,1190
Porto Alegre,43,1,1,1,17,0,1,1050,2790,120,41,4001
Porto Alegre,62,2,1,0,4,1,0,282,940,38,14,1274
Porto Alegre,75,2,1,1,7,1,0,350,1200,34,18,1602
Porto Alegre,171,2,2,1,2,1,0,1000,2200,200,33,3433
Porto Alegre,47,1,1,1,1,0,1,400,2200,0,33,2633
Porto Alegre,78,2,1,0,1,1,0,280,1480,32,22,1814
Porto Alegre,45,1,1,1,1,1,0,320,900,84,14,1318
Porto Alegre,250,5,4,5,0,1,0,0,4300,84,77,4461
Porto Alegre,42,1,1,1,13,1,0,500,2300,50,34,2884
Porto Alegre,125,3,3,1,2,1,0,1070,2400,184,36,3690
Porto Alegre,28,1,1,0,1,1,0,99,1200,10,18,1327
Porto Alegre,48,2,1,1,10,1,1,380,1100,27,17,1524
Porto Alegre,197,4,3,2,4,1,0,2000,3200,325,47,5572
Porto Alegre,55,1,1,0,2,1,1,320,1150,30,17,1517
Porto Alegre,240,3,3,1,0,1,0,0,4000,392,72,4464
Porto Alegre,70,2,2,2,11,1,0,700,3300,115,49,4164
Porto Alegre,144,3,2,1,4,1,1,1450,2740,269,41,4500
Porto Alegre,44,1,1,1,7,1,0,600,1250,65,19,1934
Porto Alegre,230,3,4,3,0,1,1,2300,10000,417,178,12900
Porto Alegre,52,1,1,0,10,1,0,130,900,0,14,1044
Porto Alegre,52,2,2,1,12,1,0,350,1900,42,28,2320
Porto Alegre,66,2,1,0,4,1,0,450,1300,42,19,1811
Porto Alegre,40,1,1,1,7,0,1,1300,1200,68,18,2586
Porto Alegre,46,2,1,1,0,1,0,236,750,16,11,1013
Porto Alegre,70,2,2,1,2,1,0,500,2720,75,40,3335
Porto Alegre,50,1,2,0,0,1,0,250,1100,0,17,1367
Porto Alegre,148,3,2,3,3,1,1,1000,3000,167,44,4211
Porto Alegre,48,2,1,0,1,1,0,100,700,0,11,811
Porto Alegre,50,2,1,0,18,1,0,500,1300,0,19,1819
Porto Alegre,65,1,1,0,3,1,0,311,1350,525,20,2206
Porto Alegre,180,3,3,2,3,1,0,400,2700,250,40,3390
Porto Alegre,374,3,4,2,0,1,1,2500,8250,473,147,11370
Porto Alegre,220,3,3,2,8,0,1,1636,10000,542,147,12330
Porto Alegre,240,3,3,7,0,1,1,0,3400,349,61,3810
Porto Alegre,63,3,2,2,11,1,0,547,2050,54,30,2681
Porto Alegre,70,3,1,1,3,1,0,424,1100,0,17,1541
Porto Alegre,483,4,4,0,4,1,1,2000,4900,1167,72,8139
Porto Alegre,200,2,1,0,0,1,0,0,2800,0,50,2850
Porto Alegre,75,2,2,1,5,1,0,450,1650,100,25,2225
Porto Alegre,37,1,1,0,4,1,0,340,1500,69,22,1931
Porto Alegre,373,4,4,4,0,1,1,350,6800,100,121,7371
Porto Alegre,80,2,1,0,2,0,1,180,1250,0,19,1449
Porto Alegre,55,1,1,1,14,0,1,460,3200,30,47,3737
Porto Alegre,46,1,1,1,1,1,1,270,750,15,11,1046
Porto Alegre,225,4,4,2,0,1,0,800,4445,352,79,5676
Porto Alegre,55,1,1,1,3,1,0,340,900,50,14,1304
Porto Alegre,200,3,3,2,0,1,0,1,5980,175,107,6263
Porto Alegre,70,2,1,0,9,1,0,0,1750,0,26,1776
Porto Alegre,40,1,1,1,10,1,1,210,1180,20,18,1428
Porto Alegre,52,2,1,1,0,1,0,350,950,84,14,1398
Porto Alegre,126,3,1,1,4,1,0,1137,2200,125,33,3495
Porto Alegre,74,3,2,2,13,1,1,402,2300,58,34,2794
Porto Alegre,48,1,1,1,5,1,1,240,1100,16,17,1373
Porto Alegre,64,3,2,1,1,1,1,600,1620,0,24,2244
Porto Alegre,98,3,1,0,1,1,0,400,1050,84,16,1550
Porto Alegre,54,2,1,1,8,1,1,300,1000,50,15,1365
Porto Alegre,55,1,1,1,2,1,0,300,1000,50,15,1365
Porto Alegre,48,1,1,0,4,1,1,250,1300,34,19,1603
Porto Alegre,67,2,2,1,9,1,0,300,1700,0,25,2025
Porto Alegre,440,3,2,3,5,0,0,100,10500,84,154,10840
Porto Alegre,180,3,2,3,2,1,1,0,5100,250,75,5425
Porto Alegre,300,8,3,0,0,1,0,0,5100,250,91,5441
Porto Alegre,326,4,7,4,0,1,0,0,4200,184,64,4448
Porto Alegre,67,2,2,1,2,1,1,413,1240,55,19,1727
Porto Alegre,109,4,2,3,1,1,0,280,1950,63,29,2322
Porto Alegre,25,1,1,0,12,0,0,240,750,22,11,1023
Porto Alegre,45,2,1,0,2,1,0,74,1040,42,16,1172
Porto Alegre,110,2,1,0,1,1,0,260,2100,92,31,2483
Porto Alegre,80,2,1,0,1,1,0,171,1900,50,28,2149
Porto Alegre,85,2,1,0,1,1,0,400,870,56,13,1339
Porto Alegre,44,1,2,0,3,1,0,140,1350,100,20,1610
Porto Alegre,42,1,1,1,2,1,0,260,1200,65,18,1543
Porto Alegre,102,2,1,0,3,1,0,407,1600,103,24,2134
Porto Alegre,45,1,1,0,2,1,0,340,950,42,14,1346
Porto Alegre,65,2,1,1,1,1,0,500,950,38,14,1502
Porto Alegre,27,1,1,0,2,1,0,100,960,75,15,1150
Porto Alegre,58,2,2,2,12,1,0,450,2550,0,38,3038
Porto Alegre,87,3,3,2,5,1,0,1300,4000,150,59,5509
Porto Alegre,181,3,3,2,0,1,0,286,2400,1300,43,4029
Porto Alegre,75,2,1,0,2,1,0,180,1600,0,24,1804
Porto Alegre,40,1,1,0,3,0,1,0,2000,0,30,2030
Porto Alegre,30,1,1,0,16,0,1,260,1490,15,22,1787
Porto Alegre,46,1,1,1,5,0,0,450,1500,46,22,2018
Porto Alegre,39,1,1,0,3,1,0,290,550,24,9,873
Porto Alegre,58,2,1,1,1,1,0,300,1350,25,20,1695
Porto Alegre,58,1,1,0,2,1,0,309,700,28,11,1048
Porto Alegre,90,2,1,0,2,1,0,0,1380,21,21,1422
Porto Alegre,61,2,1,2,4,0,0,350,2200,1,33,2584
Porto Alegre,40,1,1,1,11,1,1,1300,1200,68,18,2586
Porto Alegre,42,1,1,0,1,1,0,250,985,49,15,1299
Porto Alegre,37,1,1,0,4,1,0,335,1600,67,24,2026
Porto Alegre,110,2,2,1,1,1,0,250,1453,20,22,1745
Porto Alegre,72,2,2,2,12,1,0,500,2100,56,31,2687
Porto Alegre,313,3,3,4,5,1,1,650,4500,150,66,5366
Porto Alegre,28,1,1,0,4,1,0,200,500,25,8,733
Porto Alegre,112,4,2,1,2,1,0,765,1880,75,28,2748
Porto Alegre,50,2,1,1,3,1,0,268,900,33,14,1215
Porto Alegre,85,2,2,1,8,0,1,500,2800,100,41,3441
Porto Alegre,20,1,1,1,0,1,1,0,950,75,14,1039
Porto Alegre,65,2,2,1,2,1,0,680,1300,142,19,2141
Porto Alegre,99,3,3,1,2,0,0,600,2500,167,37,3304
Porto Alegre,61,2,1,1,2,1,0,210,1700,50,25,1985
Porto Alegre,75,2,1,0,3,1,0,260,880,38,13,1191
Porto Alegre,74,2,2,0,10,1,0,550,2700,50,40,3340
Porto Alegre,47,1,1,1,1,0,1,400,2200,0,33,2633
Porto Alegre,33,1,1,0,1,1,0,220,900,90,12,1222
Porto Alegre,48,2,1,1,1,1,0,410,1400,30,21,1861
Porto Alegre,29,1,1,0,11,0,0,250,1042,24,8,1324
Porto Alegre,22,1,1,0,6,1,0,180,800,20,12,1012
Porto Alegre,600,3,4,4,0,1,0,0,3300,186,59,3545
Porto Alegre,336,3,4,3,0,1,0,2000,12500,500,183,15180
Porto Alegre,62,2,1,0,0,0,0,80,1250,40,19,1389
Porto Alegre,70,2,1,0,3,1,0,300,1400,59,21,1780
Porto Alegre,70,2,1,1,8,1,1,520,1900,378,28,2826
Porto Alegre,440,3,3,3,8,0,0,100,10500,84,154,10840
Porto Alegre,55,2,1,0,3,0,0,290,1195,210,18,1713
Porto Alegre,103,3,1,3,0,1,1,0,2200,670,40,2910
Porto Alegre,70,3,1,1,9,0,0,325,1800,0,27,2152
Porto Alegre,150,3,3,0,2,0,1,1140,4740,290,70,6240
Porto Alegre,92,2,2,1,8,0,1,800,1900,120,28,2848
Porto Alegre,90,4,2,1,3,0,0,400,2142,212,32,2786
Porto Alegre,64,1,1,1,6,1,0,400,1500,400,22,2322
Porto Alegre,65,2,1,1,2,1,0,135,1400,22,21,1578
Porto Alegre,75,2,2,1,3,1,1,583,2100,68,31,2782
Porto Alegre,93,2,1,0,4,0,0,645,800,86,12,1543
Porto Alegre,160,2,3,2,0,1,1,800,5200,100,93,6193
Porto Alegre,129,3,3,0,2,1,0,1800,3800,225,56,5881
Porto Alegre,75,3,1,0,3,1,0,400,1080,22,16,1518
Porto Alegre,75,2,1,0,10,1,1,282,1020,150,15,1467
Porto Alegre,30,1,1,1,1,0,1,0,1330,0,20,1350
Porto Alegre,125,3,2,2,3,1,1,1000,7700,292,113,9105
Porto Alegre,38,1,1,1,9,1,0,350,2500,42,37,2929
Porto Alegre,67,1,1,0,2,1,0,220,950,25,14,1209
Porto Alegre,50,1,1,0,10,1,0,250,1350,0,20,1620
Porto Alegre,50,1,1,0,1,1,0,190,990,10,15,1205
Porto Alegre,67,2,1,1,8,1,0,500,1550,77,23,2150
Porto Alegre,60,2,1,1,3,1,0,435,920,30,14,1399
Porto Alegre,66,2,1,1,1,1,0,270,1000,38,15,1323
Porto Alegre,100,3,3,1,5,0,0,700,3500,84,52,4336
Porto Alegre,47,1,1,1,1,0,1,400,2200,0,33,2633
Porto Alegre,35,1,1,0,2,1,0,120,1170,92,18,1400
Porto Alegre,75,3,2,1,2,1,0,240,1500,63,22,1825
Porto Alegre,35,1,1,0,1,1,0,120,1170,92,18,1400
Porto Alegre,93,3,1,0,1,0,0,644,2400,143,36,3223
Porto Alegre,52,2,1,1,4,0,0,450,900,0,14,1364
Porto Alegre,68,3,2,1,4,1,1,586,2200,56,33,2875
Porto Alegre,114,3,1,0,3,1,0,210,1700,75,25,2010
Porto Alegre,90,2,2,1,2,1,0,300,1900,84,28,2312
Porto Alegre,36,1,1,1,4,1,0,350,650,9,10,1019
Porto Alegre,700,8,8,4,0,1,0,0,12000,0,214,12210
Porto Alegre,77,2,2,2,4,1,0,450,2000,0,30,2480
Porto Alegre,110,4,1,1,3,1,0,600,2200,2500,33,5333
Porto Alegre,26,1,1,0,1,1,0,250,800,12,12,1074
Porto Alegre,69,2,2,1,9,1,0,380,2100,75,31,2586
Porto Alegre,48,1,1,0,4,1,0,250,750,21,11,1032
Porto Alegre,25,1,1,0,3,1,0,143,2000,26,30,2199
Porto Alegre,115,3,2,2,4,1,0,1264,4500,166,66,5996
Porto Alegre,42,1,1,1,1,1,1,650,2400,81,36,3167
Porto Alegre,71,2,1,0,0,1,0,280,1600,34,24,1938
Porto Alegre,70,2,1,0,3,1,0,350,1500,49,20,1919
Porto Alegre,78,2,1,0,2,1,0,280,1380,32,21,1713
Porto Alegre,50,2,1,0,0,0,0,0,750,0,11,761
Porto Alegre,96,3,1,0,2,1,0,300,1000,42,15,1357
Porto Alegre,70,3,2,0,2,1,1,300,2240,59,33,2632
Porto Alegre,69,3,1,1,5,1,0,450,1100,75,17,1642
Porto Alegre,42,1,2,1,6,1,0,500,2000,0,30,2530
Porto Alegre,44,1,1,0,1,0,0,210,950,33,14,1207
Porto Alegre,100,2,1,1,3,1,1,490,3400,172,50,4112
Porto Alegre,272,3,4,3,0,0,0,0,3990,187,71,4248
Porto Alegre,48,1,1,0,2,1,0,220,900,22,14,1156
Porto Alegre,71,2,2,1,2,1,0,341,892,59,14,1306
Porto Alegre,330,3,4,2,0,1,1,630,9000,375,160,10170
Porto Alegre,100,3,1,1,3,1,0,580,1240,69,19,1908
Porto Alegre,68,2,1,1,5,1,0,600,800,500,12,1912
Porto Alegre,46,1,1,1,3,1,0,100,1100,100,17,1317
Porto Alegre,60,2,1,1,4,1,0,150,1000,63,15,1228
Porto Alegre,45,1,1,1,6,1,0,195,1800,0,27,2022
Porto Alegre,72,3,1,1,2,1,1,531,1599,128,24,2282
Porto Alegre,30,1,1,0,11,1,0,260,1300,34,19,1613
Porto Alegre,67,2,2,1,8,1,0,300,1700,0,25,2025
Porto Alegre,41,1,1,0,13,1,0,500,2300,42,34,2876
Porto Alegre,116,4,3,1,3,1,1,450,2700,64,40,3254
Porto Alegre,45,1,1,1,9,0,1,1080,3300,117,49,4546
Porto Alegre,37,1,1,0,6,1,1,430,2220,84,33,2767
Porto Alegre,115,3,3,1,6,1,0,450,3250,200,48,3948
Porto Alegre,47,1,1,1,1,0,1,400,2200,0,33,2633
Porto Alegre,75,3,2,2,8,1,0,500,1700,75,25,2300
Porto Alegre,43,1,1,1,12,0,1,350,2200,42,33,2625
Porto Alegre,42,1,1,1,2,0,0,280,800,280,12,1372
Porto Alegre,23,1,1,1,5,0,0,170,1100,34,17,1321
Porto Alegre,45,2,1,0,1,1,0,0,1000,0,15,1015
Porto Alegre,40,2,1,1,4,0,0,270,702,0,11,983
Porto Alegre,480,5,4,7,0,1,0,0,3600,38,64,3702
Porto Alegre,80,3,2,0,7,1,1,910,2000,123,30,3063
Porto Alegre,350,3,3,3,0,1,0,0,15000,667,267,15930
Porto Alegre,43,1,1,1,14,1,0,1100,1800,67,27,2994
Porto Alegre,47,1,1,1,1,0,1,400,2200,0,33,2633
Porto Alegre,190,4,3,1,0,1,1,0,6450,117,85,6652
Porto Alegre,80,1,1,0,0,1,0,0,800,40,15,855
Porto Alegre,600,5,7,5,0,1,0,0,7000,834,125,7959
Porto Alegre,135,4,4,1,6,1,1,1300,3200,300,47,4847
Porto Alegre,121,3,2,2,2,1,0,720,2650,135,39,3544
Porto Alegre,44,1,1,0,3,1,0,160,940,13,14,1127
Porto Alegre,107,3,3,2,6,1,0,1200,4270,250,63,5783
Porto Alegre,80,3,2,2,2,1,0,650,2350,100,35,3135
Porto Alegre,40,1,1,1,9,0,1,1300,1200,68,18,2586
Porto Alegre,45,1,1,1,3,1,0,367,1020,21,15,1423
Porto Alegre,140,3,2,2,0,1,0,0,4000,142,72,4214
Porto Alegre,60,1,1,0,6,1,1,300,1390,34,21,1745
Porto Alegre,47,1,1,1,1,0,1,400,2200,0,33,2633
Porto Alegre,140,2,3,2,7,1,1,1000,3000,113,44,4157
Porto Alegre,18,1,1,0,3,0,1,370,1090,0,16,1476
Porto Alegre,100,3,2,2,2,1,1,900,2455,125,36,3516
Porto Alegre,40,1,1,0,2,1,0,230,700,9,11,950
Porto Alegre,400,4,2,2,15,1,1,2250,6300,500,92,9142
Porto Alegre,220,3,2,2,15,1,0,842,2400,117,36,3395
Porto Alegre,40,1,1,0,1,1,0,330,1200,159,18,1707
Porto Alegre,160,3,2,3,4,1,1,850,3300,220,49,4419
Porto Alegre,63,2,1,1,5,0,1,402,1478,24,22,1926
